Product,Video Title,Channel,Views,Likes,Published,URL,Description
Dot & Key 10% Niacinamide + Strawberry Brightening Face Serum,My honest review for Dot n Key skincare products #skincare #shorts,Dr Kratika Mohan,2909582,25134,2024-05-04T07:11:33Z,https://www.youtube.com/watch?v=BsQTcecUuQw,"Products shown: ✓ Dot n key 72 hour hydrating gel moisturiser : it has good ingredients like hyaluronic acid , probiotics and rice ..."
Dot & Key 10% Niacinamide + Strawberry Brightening Face Serum,Trying out Dot &amp; Key Tinted Sunscreen ! ✨ #shorts #sunscreen,Vishali Jaikumar,2148399,48609,2024-04-29T14:48:56Z,https://www.youtube.com/watch?v=wkQtezz4en0,
Dot & Key 10% Niacinamide + Strawberry Brightening Face Serum,Do share your experience with 10% Niacinamide serum! #niacinamide #skincare,Dr. Bhagyashree ,1913435,25869,2025-06-14T04:39:47Z,https://www.youtube.com/watch?v=e8b_WmJ_zmA,
Dot & Key 10% Niacinamide + Strawberry Brightening Face Serum,*CUTEST* serum ever | Dot &amp; Key Strawberry 10% Niacinamide serum for SKIN BRIGHTENING,All About That Lip,444570,1662,2025-05-14T15:20:00Z,https://www.youtube.com/watch?v=elskrKlMeSo,Link for your Dot & Key Strawberry Niacinamide serum is here: use the code VAIDEHI10 for extra 20% discount!
Dot & Key 10% Niacinamide + Strawberry Brightening Face Serum,*NEW* Dot &amp; Key 10% Niacinamide + Cica Serum for ACNE Care 💚 #shorts #ashortaday #skincare #acne,Sanika Vasudeo,282679,0,2023-02-17T13:50:40Z,https://www.youtube.com/watch?v=bHOmVTSn9xI,Dot & Key Website Link - https://bit.ly/2YNNhpt Use my code SANIKAV10 to get 10% OFF on @dotandkeyskincare ✨ #affiliate ...
Dot & Key 10% Niacinamide + Strawberry Brightening Face Serum,*Unsponsored* Dot &amp; Key Niacinamide + Strawberry Brightening Face Serum Review #shorts #beauty,Just another girl,202745,1731,2025-05-30T11:12:49Z,https://www.youtube.com/watch?v=E-Z9FT0qQ4w,Unsponsored* Dot & Key Niacinamide + Strawberry Brightening Face Serum Review #shorts #beauty.
Dot & Key 10% Niacinamide + Strawberry Brightening Face Serum,Dot &amp; Key Strawberry bright Niacinamide Face Serum #skincare #shorts #youtubeshorts #viralvideo,allthatbeautyneeds,196075,948,2025-05-22T10:30:36Z,https://www.youtube.com/watch?v=ksaOtoZNtDs,Dot & Key Strawberry bright Niacinamide Face Serum #skincare #shorts #youtubeshorts #viralvideo #serum #dotandkey ...
Dot & Key 10% Niacinamide + Strawberry Brightening Face Serum,Reviewing VIRAL Pink Serum by Dot and Key as a dermatologist| Niacinamide Serum|,ZolieSkinClinic,192597,4836,2026-01-11T12:28:44Z,https://www.youtube.com/watch?v=KpsTdN9DCEo,"The Dot and Key 10% niacinamide serum and it has a pink colour because of Vitamin B12, not added dyes. Niacinamide helps in ..."
Dot & Key 10% Niacinamide + Strawberry Brightening Face Serum,*New* Dot&amp;Key Strawberry 🍓Bright 10% Niacinamide Face Serum | Pink serum | bright Skin,Neelam Sharma ,123774,806,2025-05-26T12:32:50Z,https://www.youtube.com/watch?v=UgFhmpqt68g,
Dot & Key 10% Niacinamide + Strawberry Brightening Face Serum,Dot&amp;key Barrier repair and niacinamide Serum comparison #ytshorts #serum,Banya Biswas,65867,749,2025-08-20T09:13:51Z,https://www.youtube.com/watch?v=oQpS1I4o_to,"Dot&key 12% Barrier Boost Hydrating Serum or Dot&key Strawberry bright 10% niacinamide serum, which one is for you?"
Dot & Key 10% Niacinamide + Strawberry Brightening Face Serum,Dot and key strawberry bright serum | pink serum #glowup #skincareroutine,SavyBeautysecret,53157,272,2025-06-28T05:44:42Z,https://www.youtube.com/watch?v=iVfQLpXexXQ,
Dot & Key 10% Niacinamide + Strawberry Brightening Face Serum,Unsponsored Review - Dot &amp; Key Strawberry Bright 10% Niacinamide Serum|| Meenakshi Khanna #review,Stay Beautiful with Meenakshi Khanna,41197,642,2025-08-13T12:34:14Z,https://www.youtube.com/watch?v=Yr8lVoRi_-4,
Dot & Key 10% Niacinamide + Strawberry Brightening Face Serum,Dot &amp; Key 10% Niacinamide+Strawberry Brightening Face Serum 🍓✨ #AD #dotandkey #pinkserum #newlaunch,selfcare_with_pallavi,34463,185,2025-06-11T11:18:31Z,https://www.youtube.com/watch?v=kkRxcNQkDiE,Dot & Key 10% Niacinamide + Strawberry Brightening Face Serum ✨ #AD Claims ✨ Visibly Brightens Skin ✨ Fades Dark ...
Dot & Key 10% Niacinamide + Strawberry Brightening Face Serum,Pink Serum!! Dot &amp; key Strawberry 10% Niacinamide Serum for Glowing Skin #acneproneskin #dotandkey,Beauty Bliss with Sayani,25965,177,2025-05-31T09:34:21Z,https://www.youtube.com/watch?v=NZdzk5FB29k,Save and share if you are struggling with Acne marks and dark spots Dot and Key Strawberry Bright 10% Niacinamide Serum ...
Dot & Key 10% Niacinamide + Strawberry Brightening Face Serum,Dot &amp; Key New Strawberry 10% Niacinamide serum 🎀 #dotandkey#dotandkeyskincare#trending#shorts,Dot & Key Skincare ,25041,212,2025-06-27T22:04:09Z,https://www.youtube.com/watch?v=_X9i5PCf1PM,
Dot & Key 10% Niacinamide + Strawberry Brightening Face Serum,Dot&amp;key Strawberry Bright 10% Niacinamide Serum 🤌✨️,Banya Biswas,24717,169,2025-08-05T11:52:16Z,https://www.youtube.com/watch?v=fdpeHyvmblg,
Dot & Key 10% Niacinamide + Strawberry Brightening Face Serum,Niacinamide Serum | Dot &amp; Key Strawberry Skincare Honest Review 🍓 | Glowing Skin Combo Part 1 #fyp,GlamStyle by Aish,15011,118,2025-05-31T11:55:35Z,https://www.youtube.com/watch?v=rQUP1CLveNI,"In today's video, I'm reviewing the viral Dot & Key Strawberry Bright Niacinamide Face Serum and Strawberry Dew Tinted ..."
Dot & Key 10% Niacinamide + Strawberry Brightening Face Serum,Dot&amp;key Strawberry Bright 10% Niacinamide Serum Review after 2 weeks #unsponsored,Banya Biswas,14444,162,2025-08-14T12:01:01Z,https://www.youtube.com/watch?v=TWk0ELK8MUE,"Hi guys, I hope you like the video, if you do, don't forget to like, share & subscribe (i need subscribers to survive ). And finally ..."
Dot & Key 10% Niacinamide + Strawberry Brightening Face Serum,Dot &amp; Key Strawberry Bright 10% Niacinamide Serum Review,Beauty n Beyond,9173,95,2025-07-04T18:10:51Z,https://www.youtube.com/watch?v=YY6k8Dfq-Js,dotandkey #DotandKeyStrawberryBrightNiacinamideSerum #DotandKeyStrawberryBright #DotandKeyNiacinamideSerum ...
Dot & Key 10% Niacinamide + Strawberry Brightening Face Serum,Skin Whitening Serum | Dot &amp; Key Product Review | Dot and key strawberry Niacinamide Serum,Shruti Mishra,7813,46,2025-07-06T13:34:24Z,https://www.youtube.com/watch?v=LXJ_G4qKC4c,Today I am sharing my video on... Today I am sharing my video on... Skin Whitening Serum | Dot & Key Product Review | Dot and ...
Dot & Key 10% Niacinamide + Strawberry Brightening Face Serum,*Unsponsored* Dot &amp; Key Niacinamide +Strawberry Brightening Face Serum Review  #shorts #beauty,Tanyaaa,7193,0,2025-06-01T13:18:27Z,https://www.youtube.com/watch?v=oGYG3gRU2OU,
Dot & Key 10% Niacinamide + Strawberry Brightening Face Serum,Dot&amp;Key strawberry bright 10% niacinamide face serum #dotandkeyskincare #trendingshorts,Ponkhi Lahon,2120,32,2025-10-17T04:56:46Z,https://www.youtube.com/watch?v=WD-XjLI7jnA,
Dot & Key 10% Niacinamide + Strawberry Brightening Face Serum,Dot &amp; Key 10% Niacinamide Strawberry Bright Serum Review | Honest Results + Ingredients Breakdown,Manisha Mishra,267,6,2025-11-15T16:08:29Z,https://www.youtube.com/watch?v=rZi7zOD9bf4,manishamishra #Dot & Key 10% Niacinamide Strawberry Bright Serum Review | Honest Results + Ingredients Breakdown ...
Dot & Key 10% Niacinamide Serum,dot &amp; key cica niacinamide serum &amp; moisturizer review #dot&amp;key #skincare #viral #shortvideos,Bharti Rajput,14922,60,2023-09-21T07:37:15Z,https://www.youtube.com/watch?v=8bA_rgx1P34,
Dot & Key 10% Vitamin C Serum With 5% Niacinamide,Daily use face serum for glowing skin ?Dot &amp; key 10% Vitamin C+E serum review | treats pigmentation,Megha Saha,1512682,0,2024-07-17T09:48:31Z,https://www.youtube.com/watch?v=Ig2Z9JP0txw,Daily use face serum for glowing skin ?Dot & key 10% Vitamin C+E serum review | treats pigmentation Daily use face serum for ...
Dot & Key 10% Vitamin C Serum With 5% Niacinamide,Dot &amp; Key Vitamin C+E Super Bright Face Serum Review #youtubeshorts #shorts,Prachi Jaiswal,412399,3753,2023-07-03T11:33:15Z,https://www.youtube.com/watch?v=zbHs-GCFCKQ,
Dot & Key 10% Vitamin C Serum With 5% Niacinamide,Dot and key Vitamin c serum and Moisturizer | Skincare |Siddhi Patil,Siddhi Patil,375444,1839,2023-01-19T10:14:52Z,https://www.youtube.com/watch?v=dlDwCFxBHZ8,
Dot & Key 10% Vitamin C Serum With 5% Niacinamide,Putting Dot &amp; Key’s Vitamin C Serum to test. #shorts #vitamincforface #dotandkeyskincare,Dot & Key Skincare ,272490,2270,2024-02-16T13:21:08Z,https://www.youtube.com/watch?v=REFiSG-f6P8,
Dot & Key 10% Vitamin C Serum With 5% Niacinamide,Beginner friendly serum to try 💧🍊 dot and key Vitamin c serum 5% Niacinamide serum,SnehaSpeaks,96849,413,2025-05-17T10:44:28Z,https://www.youtube.com/watch?v=kR-gZJxnGi8,vitamin c serum review #dotandkeyskincare #vitaminc #shortsvideo #reviews.
Dot & Key 10% Vitamin C+E Super Bright Face Serum,Dot &amp; Key Vitamin C Serum Review | My Honest Experience! #ytshorts #skincareroutine,Subhojit Bose,190539,1910,2025-07-19T05:30:38Z,https://www.youtube.com/watch?v=xSvDPD1tiA8,
Dot & Key 12% Barrier Boost Serum With Ceramides + Niacinamide,Dot &amp; Key Product Review || Rating the Best &amp; Worst,Beauty n Beyond,190760,2015,2025-05-05T16:39:57Z,https://www.youtube.com/watch?v=Mt5XNZZoK7w,dotandkey #dotandkeyskincare #dotandkeysunscreen #dotandkeyproducts #dotandkeyserum #dotandkeymoisturizer ...
Dot & Key 12% Barrier Boost Serum With Ceramides + Niacinamide,Dot &amp; Key 12% Barrier Boost serum review 7 days challenge #skincare #glowyskin #dotandkey #shorts,Jyoti Singh,170615,726,2024-12-17T08:28:51Z,https://www.youtube.com/watch?v=8u7xii2v3-w,
Dot & Key 2% Salicylic Acid + Cica Anti Acne Face Serum With Zinc For Oily Acne Prone Skin,Who needs Salicylic acid? How to use it ?,Dr. Aanchal MD,4097422,120205,2023-11-20T07:08:25Z,https://www.youtube.com/watch?v=4NGMb6BYjlQ,"If you have oily acne prone skin, then using a salicylic acid in your routine can be beneficial. ▪️Salicylic acid reduces stickiness ..."
Dot & Key 2% Salicylic Acid + Cica Anti Acne Face Serum With Zinc For Oily Acne Prone Skin,Dot and Key Cica 2% Salicylic Acne Control Serum @Dot &amp; Key #dotandkey,That Flawsome Girl,193530,1778,2022-11-20T23:54:52Z,https://www.youtube.com/watch?v=gyrIoKyyj9s,Use Code- BHWN 10 (Get extra 10% discount) Buy Here ...
Dot & Key 2% Salicylic Acid + Cica Anti Acne Face Serum With Zinc For Oily Acne Prone Skin,Finally trying dot &amp; key CICA range product on my acne prone skin 🍃✨ subscriber suggested😍 #serum,Megha Saha,128955,0,2024-07-26T06:18:24Z,https://www.youtube.com/watch?v=Kh3tuQW7GFw,"Dot & key Cica + 10% Niacinamide Face Serum An ideal acne aftercare treatment for calm, clear & blemish-free skin."
Dot & Key 2% Salicylic Acid + Cica Anti Acne Face Serum With Zinc For Oily Acne Prone Skin,Dot and Key 2% Cica and Salicylic + Zinc Skin Clearing Serum,Harshita Rajagopal,108698,500,2023-05-04T06:30:01Z,https://www.youtube.com/watch?v=4EHsXkAP9ZA,"Affiliate Product Link https://www.wishlink.com/share/c4s4r *By clicking on the link above, I will earn a small commission that helps ..."
Dot & Key 20% Vitamin C Serum,I tried 5 Vitamin C Serums on my Skin  | Best Face Serums | Waysheblushes,WaySheBlushes,475558,3021,2025-06-21T13:55:04Z,https://www.youtube.com/watch?v=MA5il4Jv3WE,
Dot & Key 20% Vitamin C Serum,DOT &amp; KEY Vit C serum Test 😱 #skincare #music #youtubeshorts,Koyal Basu,384593,2056,2025-03-12T12:35:51Z,https://www.youtube.com/watch?v=ZzOzRqOqkp0,
Dot & Key 5% AHA Toner Skin Clarifying Liquid Exfoliant,Dot &amp; Key Review: 5% AHA Toner / 10%AHA+ 2% BHA Exfoliating Serum,Akriti Ranjan,28526,935,2020-06-25T13:00:07Z,https://www.youtube.com/watch?v=AIQRGY6qQQI,Hi Guys!!! Reviewing new Dot & Key Products I have been trying from almost 3 weeks now: Dot & Key Hydro Peel Glow Potion ...
Dot & Key 5% AHA Toner Skin Clarifying Liquid Exfoliant,Dot &amp; Key Skincare 5% AHA Toner | HONEST REVIEW | Happinessity,Payal Bose - Happinessity ,5902,140,2020-07-03T10:30:01Z,https://www.youtube.com/watch?v=6Mg82_2VycE,"A unique leave-on formula, this exfoliating liquid toner sloughs off dead skin cells and excess oils while clearing pores for a more ..."
Dot & Key 5% AHA Toner Skin Clarifying Liquid Exfoliant,DOT &amp; KEY 5% AHA EXFOLIATING TONER | REVIEW | HINDI | RACHANA RAI,Rachana Rai,423,13,2020-07-14T15:22:42Z,https://www.youtube.com/watch?v=HI4qiT0BFfE,My channel is all about reviewing beauty and makeup products. In this video I have reviewed DOT and KEY exfoliating toner.
Dot & Key 5% AHA Toner Skin Clarifying Liquid Exfoliant,This Is Why I Always Go Back To The Dot &amp; Key 5% AHA Toner Skin Clarifying Liquid Exfoliant | Sanika,Foxy Skincare,320,6,2020-11-23T03:57:50Z,https://www.youtube.com/watch?v=AHWp96HYcZA,Get a special offer on the products used in this video. Click here to apply offer: https://links.foxy.in/J6ts This video is an Honest ...
Dot & Key 5% AHA Toner Skin Clarifying Liquid Exfoliant,Dot &amp; Key 5% AHA toner. Very mild exfoliation with Glycolic acid.,brides_by_sam,138,9,2022-09-23T15:30:07Z,https://www.youtube.com/watch?v=Xl-YVLmdg8k,"Very hydrating, mild exfoliating toner to even out the skin."
Dot & Key 72 Hour Hydrating Gel + Probiotics,Is this Dot &amp; Key&#39;s 72HR Hydrating Gel cult-favorite moisturizer your favorite too? Honest review 💙,Megha Saha,229569,0,2024-08-06T12:00:47Z,https://www.youtube.com/watch?v=aJJSXi7B14Y,Is this Dot & Key's 72HR Hydrating Lightweight Gel Moisturizer cult-favorite moisturizer your favorite too? Honest review Enjoy ...
Dot & Key 72 Hour Hydrating Gel + Probiotics,Dot and key 72 hour hydrating gel moisturiser +probiotics,YEJINA,89309,801,2024-07-29T20:24:36Z,https://www.youtube.com/watch?v=8MYNlhmm6nk,
Dot & Key 72 Hour Hydrating Gel + Probiotics,‼️Update ‼️ Dot and key 72 hours hydrating moisturizer 🧴#dotandkey #dotandkeyskincare #moisturizer,Megha Unfiltered ,34698,195,2024-08-25T10:56:39Z,https://www.youtube.com/watch?v=Vml9tiBmY6M,Take a look at this Dot & Key 72hrs Hydrating Gel Moisturizer + Probiotics Face Moisturizer for dry skin on Flipkart ...
Dot & Key 72 Hour Hydrating Gel + Probiotics,Dot and key 72 hour probiotics gel #moisturizer #oilyskin #ashortaday #skincare #dotandkey #viral,Divya Vijayvargiya,33190,291,2023-04-05T15:23:44Z,https://www.youtube.com/watch?v=JfttGIStY9g,
Dot & Key 72 Hour Hydrating Gel + Probiotics,I tried Dot &amp; Key 72hrs Hydrating Gel + Probiotics/My Honest Review,Poohforever,12695,91,2023-03-13T05:35:00Z,https://www.youtube.com/watch?v=yvZrONOLDcs,Music by Peyruis : https://www.youtube.com/c/Peyruismusic You can get this product from the below link ...
Dot & Key 72hr Hydrating Lightweight Gel Moisturizer,Dot&amp;key Moisturizer test#phtest #skincare #shorts #moisturizer,Nikita Unfiltered ,3131504,43760,2024-06-19T13:40:00Z,https://www.youtube.com/watch?v=oWed77NuQng,Dot&key Moisturizer test#phtest #skincare #shorts #moisturizer Ph testing ph test strips ph strips Dot and key moisturizer dot and ...
Dot & Key 72hr Hydrating Lightweight Gel Moisturizer,Top 3 Gel Moisturizer-Dot &amp; Key Skin Care#shorts#dotandkey#moisturizer#youtubeshorts#skincare,Elham Channel,678005,8133,2023-01-15T05:42:50Z,https://www.youtube.com/watch?v=QZRIzGXTvbA,Top 3 Gel Moisturizer-Dot & Key Skin Care@elhamchannel78619 ...
Dot & Key 72hr Hydrating Lightweight Gel Moisturizer,Favourite Moisturiser from Dot &amp; Key Skincare,Siwani Devkota Singh ,504769,13845,2023-01-26T11:36:34Z,https://www.youtube.com/watch?v=Oz-aK53_6WI,For more such content follow me on Instagram @devkotasiwani https://instagram.com/devkotasiwani?igshid=13zf6q46a9fti.
Dot & Key 72hr Hydrating Lightweight Gel Moisturizer,Which Dot &amp; Key Moisturizer is right for your skin type 🩵 #moisturizer #dotandkeyskincare #ugc,Neha | UGC Creator 🌸,131880,2818,2025-09-15T08:21:26Z,https://www.youtube.com/watch?v=SdWo_7eu0-8,"Pick the moisturizer YOUR skin actually wants ✨ Save & share this reel with your skincare BFF ‍♀️ [Skincare routine, ..."
Dot & Key 72hr Hydrating Lightweight Gel Moisturizer,DOT AND KEY 72 HRS HYDRATING GEL WITH PROBIOTICS ✨,Arpita Ghoshal,108326,1710,2021-08-21T02:09:42Z,https://www.youtube.com/watch?v=aatClTv6BUk,affiliate #notsponsored #dotandkey Dot & Key 72 HR Hydrating Probiotic Gel Face Moisturizer With Hyaluronic For Normal to Oily ...
Dot & Key 72hr Hydrating Lightweight Gel Moisturizer,Dot &amp; key 72 Hr hydrating gel  moisturizer Review #shorts #dotandkey #moisturizer,Nitika Sawhney,73713,1142,2023-04-07T12:59:46Z,https://www.youtube.com/watch?v=ghlpD_Pscvc,
Dot & Key 72hr Hydrating Lightweight Gel Moisturizer,BEST moisturizer for oily skin 💙🧊 dot and key probiotics gel moisturizer #shorts #viral #skincare,Ananya Sharma,42710,467,2024-06-07T05:00:57Z,https://www.youtube.com/watch?v=5xgthGDLp1Q,"Moisturiser that is perfect for my Oily- combination skin , @dotandkey.skincare 72 Hr Hydrating Gel Moisturizer + Probiotics and ..."
Dot & Key 72hr Hydrating Lightweight Gel Moisturizer,Ponds VS Dot &amp; Key Gel Moisturizer #shorts #youtubeshorts #shortvideo #makeup #makeuphacks #beauty,Sony's Lifestyle,39252,160,2023-08-04T08:30:04Z,https://www.youtube.com/watch?v=HehGFXtVu4A,
Dot & Key 72hr Hydrating Lightweight Gel Moisturizer,*Unsponsored* Dot N Key 72 HR Hydrating Gel Moisturiser Review| Honest Review| Shades Of Shreya,Shades Of Shreya,35305,323,2023-03-20T12:14:42Z,https://www.youtube.com/watch?v=ReMq0Iyby30,Unsponsored* Dot N Key 72 HR Hydrating Gel Moisturiser Review| Honest Review| Shades Of Shreya #dotnkey ...
Dot & Key 72hr Hydrating Lightweight Gel Moisturizer,DOT &amp; KEY 72Hr Hydrating Gel + Probiotics review #youtubeshorts #ashortaday #shorts #skincare,Maitrayee Halder,28720,646,2023-03-23T16:00:11Z,https://www.youtube.com/watch?v=E15uqFo5tww,Click to buy- https://amzn.to/3FIxNby Small Size- https://amzn.to/3K0TUwq.
Dot & Key 72hr Hydrating Lightweight Gel Moisturizer,72 hour probiotic gel from Dot and key #new #shorts #skincare,Jyotirolla,23355,282,2023-01-24T07:30:08Z,https://www.youtube.com/watch?v=q3D33f8AC8A,
Dot & Key 72hr Hydrating Lightweight Gel Moisturizer,Dot &amp; Key 72hr hydrating gel + Probiotics @dotandkeyskincare #dotandkey,That Flawsome Girl,10750,135,2023-01-25T13:20:29Z,https://www.youtube.com/watch?v=Yq7_oZWaXBk,"Just got my 3rd Jar of this Moisturizer   @dotandkey.skincare 72hr Hydrating Probiotics Oil-Free Gel Moisturizer Oil-free, ..."
Dot & Key 72hr Hydrating Lightweight Gel Moisturizer,Dot &amp; Key Gel Vs Cream 🩵🧡 #dotandkey#dotandkeyskincare#skincare#beauty#trending#shorts#gel#cream,Dot & Key Skincare ,7921,119,2024-11-28T13:28:01Z,https://www.youtube.com/watch?v=Z_JTeBrigws,
Dot & Key 72hr Hydrating Lightweight Gel Moisturizer,Dot &amp; Key 72 Hr Hydrating Gel Moisturiser Review #shorts #dotandkey #moisturizer #skincare #short,Style With Pranjal,7620,62,2024-07-04T13:01:49Z,https://www.youtube.com/watch?v=PcL-Sjm6Jps,Dot & Key 72 Hr Hydrating Gel Moisturiser Review #shorts #dotandkey #moisturizer #skincare #short.
Dot & Key 72hr Hydrating Lightweight Gel Moisturizer,DOT &amp; KEY 72Hr Hydrating Gel + Probiotics Moisturizer,Beauty By Benifer,7272,24,2025-04-01T15:09:52Z,https://www.youtube.com/watch?v=hRKx2hj-Qno,
Dot & Key 72hr Hydrating Lightweight Gel Moisturizer,Dot &amp; key probiotic gel moisturiser @dotandkeyskincare,Saffrin,3331,0,2023-08-11T10:48:11Z,https://www.youtube.com/watch?v=hHdLSmo7MHA,dot&key#skincare.
Dot & Key 72hr Hydrating Lightweight Gel Moisturizer,Dot &amp; Key 72HR Hydrating gel Review 💧🩵 #shorts #oilyskin,Digjay Johri,2222,25,2025-07-29T12:30:24Z,https://www.youtube.com/watch?v=Oq-QrJCSlL8,Dot & Key 72HR Hydrating gel Review #shorts #oilyskin #dotandkey #skincareroutine #skincareshorts Looking for a ...
Dot & Key 72hr Hydrating Lightweight Gel Moisturizer,100% Honest Review*Unsponsered* Is it Really 72 hr Hydrating gel ?? Oily or Dry Skin ?? Live Demo,Ayushi’s Diary official,1512,22,2025-02-16T12:40:53Z,https://www.youtube.com/watch?v=s3mFoPM4ObE,Dot and key moisturiser 72 hour hydrating gel review Honest review with live demo If you like the video plz share it and subscribe ...
Dot & Key 72hr Hydrating Lightweight Gel Moisturizer,🔥*Dot &amp; Key* 72 Hours Hydrating Gel Moisturiser + Probiotics | Non-sponsored ❌,Ruchika Sharma,300,4,2025-11-07T16:10:57Z,https://www.youtube.com/watch?v=5uJz_ULdnGQ,"In today's video, I'm reviewing the Dot & Key Hydrating Gel Moisturiser — a lightweight, non-sticky daily moisturizer perfect for all ..."
Dot & Key AHA + BHA Hydro Peel Exfoliating Serum,Dot &amp; Key Hydro Peel Off Glow Serum Review #dotandkey #youtubeshorts,Glow with Riya,6418,70,2022-07-31T13:56:35Z,https://www.youtube.com/watch?v=Lb0lfL5PhFI,
Dot & Key AHA + BHA Hydro Peel Exfoliating Serum,Dot &amp; Key Hydro Peel Glow Potion 10% AHA + 2% BHA Exfoliating Serum REVIEW After 2 Months of Use,Beauty Getaways,3242,47,2021-01-02T06:03:30Z,https://www.youtube.com/watch?v=k2ai5sRnMCY,Hii My Beauties... In this video I am sharing my experience with Dot and Key Hydro Peel Exfoliating Serum.. This serum contains ...
Dot & Key AHA + BHA Hydro Peel Exfoliating Serum,Dot &amp; Key Hydro Peel Glow Potion Exfoliating face Serum Review|Dot and key AHA BHA Exfoliating serum,VD Reviews,3167,10,2020-10-10T02:56:24Z,https://www.youtube.com/watch?v=El3YkQ7Q7sQ,BUY NOW : https://www.nykaa.com/dot-key-hydro-peel-glow-potion-10-aha-2-bha-exfoliating-serum/p/751418?
Dot & Key AHA + BHA Hydro Peel Exfoliating Serum,Dot &amp; Key Hydro Peel Glow Potion 10% AHA + 2% BHA Exfoliating Serum REVIEW | DEMO | NON SPONSORED*,Urmi Goraiya,2000,45,2020-08-06T08:45:08Z,https://www.youtube.com/watch?v=QgqwwQ0A7is,ALL ABOUT CHEMICAL EXFOLIATION- https://www.youtube.com/watch?v=KfzuQf8ngFI INSTAGRAM ...
Dot & Key AHA + BHA Hydro Peel Exfoliating Serum,AHA &amp; BHA: Dot and Key Hydro Glow Peel | watch this before you buy,Pooja Reviews,1910,62,2020-08-10T13:30:29Z,https://www.youtube.com/watch?v=y9Cm1_eqRVc,"Hello lovelies, Here is my honest review about chemical exfoliators. I have an acne prone sensitive combination skin. Hope this ..."
Dot & Key AHA BHA & Pineapple Foaming Face Wash,Rating Popular Face Washes as a Dermatologist. #skincare #dermatologisttips,ZolieSkinClinic,4985131,57198,2025-09-06T12:33:09Z,https://www.youtube.com/watch?v=rYVQwDLSMDE,"In this video, I will be rating some very popular face washes that are available in the market. From acne removal claims to ..."
Dot & Key AHA BHA & Pineapple Foaming Face Wash,Dot and key face wash review,Bubblygirl Bindu,1110123,12644,2023-03-05T12:30:13Z,https://www.youtube.com/watch?v=UlfH-izy9Qs,
Dot & Key AHA BHA & Pineapple Foaming Face Wash,BEST &amp; WORST FACEWASH 🤩 #facewash #facecare #glowingskin,Dr Ankur Gautam ,817940,4466,2025-08-08T09:16:14Z,https://www.youtube.com/watch?v=rywEV1UsnP8,"BEST & WORST FACEWASH #facewash #facecare #glowingskin ""Names of Products mentioned in the Video   "" mama Earth ..."
Dot & Key AHA Exfoliating Sleeping Mask,Dot &amp; Key Skincare | Honest review | *New* AHA Exfoliating Sleeping mask | Hydro peel | 5%AHA toner,Preeti Sawant,6799,176,2020-11-25T14:29:44Z,https://www.youtube.com/watch?v=6nnMVfhsH4U,Hey guys! in today's video I have shared my honest opinions on a few of the dot and key products. I really hope that you guys ...
Dot & Key AHA Exfoliating Sleeping Mask,Dot &amp; Key AHA Exfoliating Sleeping Mask 12% Lactic + 2% Hyaluronic acid || Watch before you buy||,Upasna Mishra,4518,79,2020-12-15T10:36:12Z,https://www.youtube.com/watch?v=pxmSjR-aFuE,Hi guys once again welcome back to my Channel!! Today I'm going to be reviewing the Dot & Key AHA Exfoliating Sleeping Mask ...
Dot & Key AHA Exfoliating Sleeping Mask,@dotandkeyskincare AHA Exfoliating Sleeping Mask Unboxing(ASMR) #dotandkey #sleepingmask,Monalisa,4256,61,2023-07-11T06:30:03Z,https://www.youtube.com/watch?v=EGJWoJHhpSA,Unbox with me @dotandkeyskincare AHA exfoliating sleeping mask #dotandkey #dotandkeyskincare #unboxing ...
Dot & Key AHA Exfoliating Sleeping Mask,DOT &amp; KEY SKINCARE AHA EXFOLIATING SLEEPING MASK|#dotandkey #skincare #youtubeshorts #shorts,Neha Dhruw,1052,20,2023-07-23T15:50:08Z,https://www.youtube.com/watch?v=PSc733HFGtY,
Dot & Key Acne Spot Corrector,Is This Acne Spot Corrector Worth The Money?,Tarini Peshawaria,1120730,48541,2023-07-28T05:46:27Z,https://www.youtube.com/watch?v=glM2_OWNcHo,You can check the product out on this link here ...
Dot & Key Acne Spot Corrector,Dot &amp; Key CICA calming skin renewing night gel #dotandkey #greentea #niacinamide #nightgel#acneprone,Indian beauty Neha,222125,986,2024-09-19T11:43:34Z,https://www.youtube.com/watch?v=v20tzBDx0AM,This CICA calming skin renewing night gel is made for acne prone oily skin.     @dotandkey.skincare It has lightweight texture ...
Dot & Key Acne Spot Corrector,Dot&amp;key cica clear spot correction gel 2% salicylic acid #skincare #youtubeshorts #youtube #shorts,Shweta Sharma Makeup Artist,17318,241,2023-08-29T08:54:55Z,https://www.youtube.com/watch?v=ZLPtVXrDNuM,
Dot & Key Age Defense Night Glow Serum,Best ceramide moisturisers | dermatologist | Dr. Aanchal Panth,Dr. Aanchal MD,5806661,63641,2023-02-08T06:40:26Z,https://www.youtube.com/watch?v=dNhqM4j7yRY,Ceramides are my favourite ingredient in a moisturiser. They are are naturally present in skin and are important in maintaining ...
Dot & Key Age Defense Night Glow Serum,Dot and key night reset retinol + ceramides cream!! #dotandkey #retinol #ceramides #nightcream,Ishita Arora,467166,2201,2023-09-23T07:34:50Z,https://www.youtube.com/watch?v=bozPZ5ixptU,retinoldermcream #skincareproducts #skincarereview.
Dot & Key Age Defense Night Glow Serum,Dot &amp; Key Retinol + Ceramide Sleep Treatment Anti-Ageing Night Cream For Fine Lines &amp; Wrinkles.,colour_full_clause,278465,1225,2024-02-23T15:32:02Z,https://www.youtube.com/watch?v=4V13w18q2Vo,
Dot & Key Age Defense Night Glow Serum,AGE DEFENCE NIGHT SERUM | Dot &amp; Key | Product Review (3 in1 face serum),Dot & Key Skincare ,1772,6,2019-03-14T07:21:59Z,https://www.youtube.com/watch?v=3gkh_04RxOg,"AGE DEFENCE NIGHT SERUM | Dot & Key | Product Review (3 in1 face serum) helps you to hydrate your skin, repairs your skin ..."
Dot & Key Alpha Arbutin + Azelaic Biphasic Serum Radiance Concentrate,Dot &amp; Key Serum VS Minimalist Serum (Alpha Arbutin Serum) @dotandkeyskincare #serum #shorts #skin,MOONCHILD,155846,1296,2023-02-01T11:35:00Z,https://www.youtube.com/watch?v=nFx-DTc-mNk,Dot & Key Alpha Arbutin Serum link ...
Dot & Key Alpha Arbutin + Azelaic Biphasic Serum Radiance Concentrate,Dot and key alpha arbutin +azelaic acid biphasic serum #newlaunch #skincare  #selflove,@Jiyadas,7142,67,2021-07-21T11:12:34Z,https://www.youtube.com/watch?v=s0C8V8g_JyQ,
Dot & Key Alpha Arbutin + Azelaic Biphasic Serum Radiance Concentrate,Dot &amp; Key skincare Alpha arbutin + Azelaic biphasic serum radiance concentrate review,shivi zone,6737,143,2021-10-18T04:44:55Z,https://www.youtube.com/watch?v=g3Xe8DD19SE,Hello everyone welcome to our channel Today's topic__ Dot &key serum I really appreciate to my viewers and subscriber to cheer ...
Dot & Key Alpha Arbutin + Azelaic Biphasic Serum Radiance Concentrate,Honest review|Dot and key Alpha arbutin+Azelaic acid serum for Hyperpigmentation.#skincare #ytshort,Good Fortune,1443,0,2023-07-19T11:38:32Z,https://www.youtube.com/watch?v=mSY8TfGN8yI,Goodfortune17 #pigmentation #viral #ytviral.
Dot & Key Alpha Arbutin + Azelaic Biphasic Serum Radiance Concentrate,@dotandkeyskincare Alpha Arbutin + Azelaic Biphasic Serum Radiance  #skincare #azelaicacid #skin,Ravneet Kaur,58,1,2023-07-16T15:51:23Z,https://www.youtube.com/watch?v=1wt-AmwgrWw,
Dot & Key Barrier Repair Cream,Dot and Key Barrier Repair Face cream ✅👀  #shorts,Vandana🌷,1895702,9499,2024-04-06T11:39:20Z,https://www.youtube.com/watch?v=i3ExOWO24qc,"Dot & Key Barrier Repair Face cream #shorts Hyaluronic + Ceramide Barrier Repair Hydrating Face Moisturizer Cream, Normal ..."
Dot & Key Barrier Repair Cream,finished 7-8 tubes 🤩| dot and key ceramide moisturizer| Coupon Code : AMEE10 #shorts #dryskin,Ameera,1349837,6800,2025-05-24T14:03:47Z,https://www.youtube.com/watch?v=edUIploB0pE,dot and key coupon code today dot and key discount code dot & key skincare coupon code dot and key new coupon code today ...
Dot & Key Barrier Repair Cream,Dot &amp; Key Barrier Repair Moisturizer vs Earth Rhythm phyto-ceramide moisturiser (➡️READ COMMENT),Subhankhi Chakraborty,866435,8891,2024-06-14T08:55:26Z,https://www.youtube.com/watch?v=WNkd3TU57kA,Dot & Key vs Earth Rhythm CERAMIDE MOISTURISER Comparison ⤵️ 1) Dot & Key is fragrance free. Earth Rhythm is not.
Dot & Key Barrier Repair Cream,Dot &amp; Key Barrier Repair Cream .Honest Review #honestreview #productreview #skincarereview #skincare,Agrawal Ishu ,311082,3725,2023-08-27T13:24:36Z,https://www.youtube.com/watch?v=7UZJaFP058I,
Dot & Key Barrier Repair Face Moisturizer With Ceramides,Does it actually repair skin barrier? Dot &amp; Key Barrier Repair Moisturizer with Ceramides Review,Skin.by.Aleena,22604,230,2025-10-06T13:35:06Z,https://www.youtube.com/watch?v=_8XVQczaXN4,
Dot & Key Barrier Repair Facewash,✨Dot and Key Barrier Repair Hydrating Ceramide Facewash Vs Dot and key Vitamin C+E Facewash review🙌🏻, Dr Menka Singh,1279,17,2025-10-07T13:53:23Z,https://www.youtube.com/watch?v=-7Egl8d7eEY,Dot & Key Barrier Repair Hydrating Face Wash vs Dot & Key Vitamin C + E Face Wash: Which One is Right for You?
Dot & Key Barrier Repair Gentle Hydrating Face Wash,DOT &amp; KAY Barrier Repair Hydrating Gentle Face Wash Review | Facewas Review | Antima Dubey [Samaa],Antima Dubey [Samaa],1119,73,2026-01-02T12:30:23Z,https://www.youtube.com/watch?v=GqmMcpjur6g,DOT & KAY Barrier Repair Hydrating Gentle Face Wash Review | Facewas Review | Antima Dubey [Samaa] #skincare #dotnkey ...
Dot & Key Barrier Repair Hyaluronic Body Lotion,Dot &amp; Key New Launch Body Lotions - Barrier Repair &amp; Vitamin C + E,That Flawsome Girl,30084,186,2023-12-11T15:02:07Z,https://www.youtube.com/watch?v=quojQMGQaHs,
Dot & Key Barrier Repair Hyaluronic Body Lotion,"Dot &amp; Key Barrier Repair Body Lotion | code : AMEE10 | lotion for dry ,flaky skin #shorts  #dryskin",Ameera,23827,133,2025-03-20T18:53:25Z,https://www.youtube.com/watch?v=jVnXNLbZYw8,Dot and key favourites Dot and key tinted sunscreen sand dot and key coupon code today dot and key discount code dot & key ...
Dot & Key Barrier Repair Hyaluronic Body Lotion,DOT &amp; KEY Barrier Repair Hyaluronic acid body lotion 🧴// review #shorts #youtubeshortsindia,Nisha Ahuja The Review Girl,2232,10,2024-05-04T13:18:05Z,https://www.youtube.com/watch?v=F6lDfi7ujq8,
Dot & Key Barrier Repair Hyaluronic Body Lotion,*NEW* Dot &amp; Key Barrier Repair Hyaluronic Body Lotion Review | #dotandkey  #skincare,JUST BARNAA,1921,22,2023-12-15T04:02:16Z,https://www.youtube.com/watch?v=Cp3cXWqs5b4,Reviewing Dot & Key Barrier Repair Hyaluronic Body Lotion for Deep Nourishing & Long Lasting Moisturization with Hyaluronic ...
Dot & Key Barrier Repair Hydrating Gentle Face Wash,Dot &amp; key barrier repair face wash 💁 best for normal Dry &amp; sensitive skin #viral #shorts #trending✨,Sonia Phore,906033,4543,2024-06-17T17:00:41Z,https://www.youtube.com/watch?v=tarw9UEPTeM,Dot & key barrier repair face wash @phoresonia5748 #viral #shorts #trending #ytshortsindia #trendingshorts #dotandkey ...
Dot & Key Barrier Repair Hydrating Gentle Face Wash,Dot and key barrier repair face wash | best face wash for winters | #facewash | #dotandkeyskincare,Ameera,872590,4269,2024-12-01T04:19:38Z,https://www.youtube.com/watch?v=FTe2LYoZ0-U,dot and key coupon code today dot and key discount code dot & key skincare coupon code dot and key new coupon code today ...
Dot & Key Barrier Repair Hydrating Gentle Face Wash,@dotandkeyskincare  Barrier Repair Hydrating Gentle Face Wash 💆 💙#trending #review #facewash #yt,Kajal Verma,365053,1841,2024-08-13T09:00:34Z,https://www.youtube.com/watch?v=_t50yDGsqbk,
Dot & Key Barrier Repair Hydrating Gentle Face Wash,Dot &amp; Key Barrier Repair Hydrating Gentle Facewash 💙 | pH Testing of Facewash 🫧 | Part-7 | #shorts,The Glowie Vibe,205205,1229,2024-05-26T08:29:46Z,https://www.youtube.com/watch?v=lFZ538Q_fMg,Dot & Key Barrier Repair Hydrating Gentle Facewash | pH Testing of Facewash | Part-7 | #shorts . . . . . . . . #facewash ...
Dot & Key Barrier Repair Hydrating Gentle Face Wash,"Dot &amp; Key Facewash Comparison - Cica Calming, Barrier repair hydrating facewash #dotandkeyskincare",That Flawsome Girl,149322,677,2025-05-13T19:40:06Z,https://www.youtube.com/watch?v=OqRXP2p_QEg,
Dot & Key Barrier Repair Hydrating Lip Balm SPF 50+,Dot and key lip balm ♥️ #dotandkey #dotandkeyskincare #lipbalm #reviews #viralproducts,Shruti ,197582,2539,2024-10-01T17:49:58Z,https://www.youtube.com/watch?v=J2TSqs2M_FY,
Dot & Key Barrier Repair Hydrating Lip Balm SPF 50+,Dot &amp; key barrier repair lip balm |lip balms for winter #lipbalm #balms #dotandkeyskincare,Ameera,145037,598,2024-12-29T14:44:45Z,https://www.youtube.com/watch?v=IWg_nBmTZxI,
Dot & Key Barrier Repair Hydrating Lip Balm SPF 50+,Dot and key barrier repair SPF 50 + hydrating lip balms with ceramides,Sindhupriya tuppaturi,92806,911,2025-02-16T12:38:24Z,https://www.youtube.com/watch?v=_7AVI2HAqno,
Dot & Key Barrier Repair Hydrating Lip Balm SPF 50+,"NEW Dot &amp; Key Barrier Repair Hydrating Lip Balms Swatches,Honest Review",Prii vlogs,15181,47,2024-09-17T02:33:14Z,https://www.youtube.com/watch?v=0nQMVrAcI4I,"NEW Dot & Key Barrier Repair Hydrating Lip Balms Swatches,Honest Review|| Swatches in Natural light The Ultimate brand sale ..."
Dot & Key Barrier Repair Hydrating Lip Balm SPF 50+,Dot &amp; Key SPF 50+ Barrier Repair Hydrating lip Balm | Review and Unboxing #lipbalms#dotnkey#skincare,Mianna This Side!,7080,98,2024-09-27T07:00:38Z,https://www.youtube.com/watch?v=rjPJlO3281k,"""  ✨ Looking for the perfect lip balm with SPF protection? In this short video, I review and unbox the Dot & Key SPF 50+ Barrier ..."
Dot & Key Barrier Repair Moisturiser,Dot &amp; key ceramides &amp; hyaluronic barrier repair moisturiser for dry normal sensitive skin #dotandkey,Chandni Sharma,363675,2066,2025-07-20T13:26:27Z,https://www.youtube.com/watch?v=KoIijSSdrhM,
Dot & Key Barrier Repair Oil-free Moisturizer With Ceramides,*Disappointing* Dot &amp; Key Barrier Repair Oil-Free Moisturiser Review #shorts #shortsvideo #skincare,Just another girl,115379,1446,2025-06-12T12:19:01Z,https://www.youtube.com/watch?v=2919h9QfHP8,Dot & Key Barrier Repair Oil-Free Moisturiser Review #shorts #shortsvideo #skincare #newlaunch.
Dot & Key Barrier Repair Oil-free Moisturizer With Ceramides,*Newly Launched* Dot&amp;Key Barrier Repair Oil Free Moisturiser🫐 #review #ytshorts #shorts #viral,Koyal Sarkar ,37777,374,2025-06-30T08:54:16Z,https://www.youtube.com/watch?v=DbP7Uiy7SDY,
Dot & Key Barrier Repair Oil-free Moisturizer With Ceramides,The hyped dot and key ceramide moisturizer! Nonsponsored &amp; detailed!,Thepowderpuffgirl,16998,249,2025-06-05T12:23:27Z,https://www.youtube.com/watch?v=AfkIhwMrvrM,A nonsponsored honest review of the viral dot and key moisturizer: My instagram: ...
Dot & Key Barrier Repair Sunscreen SPF 50+ PA++++,Which Dot &amp; Key sunscreen is for your Skin? #dotandkey #sunscreen,Khushbu,2329441,50393,2024-05-15T15:11:34Z,https://www.youtube.com/watch?v=6obg8lf4-0A,
Dot & Key Barrier Repair Sunscreen SPF 50+ PA++++,Dot and Key Sunscreen Comparison 🔥Dot and Key WATERMELON vs VITAMIN C vs BLUEBERRY Sunscreen 🤔,Subhankhi Chakraborty,931770,6294,2024-08-20T14:20:08Z,https://www.youtube.com/watch?v=LAZ54d4P3Kk,
Dot & Key Barrier Repair Sunscreen SPF 50+ PA++++,Which One is Best for You? ☀️🧴#nonsponsered #shorts #sunscreen,Monti Sarkar ♡,753087,12658,2025-06-06T14:44:20Z,https://www.youtube.com/watch?v=c-SSbV7Q_D4,
Dot & Key Barrier Repair Sunscreen SPF 50+ PA++++,Dot &amp; Key Sunscreen comparison | Vitamin C+E | Blueberry Barrier Repair sunscreen,StylewithNeeli,701043,9167,2024-01-28T22:41:44Z,https://www.youtube.com/watch?v=nq4adk8UsTY,
Dot & Key Barrier Repair Sunscreen SPF 50+ PA++++,Reviewing all the Dot &amp; Key Sunscreens 🧴 #affordablesunscreen #sunscreenreview #skincare 🧿,The Aquarian Girl ,650432,10761,2025-03-04T16:35:37Z,https://www.youtube.com/watch?v=d7fC1yeL8-0,
Dot & Key Barrier Repair Sunscreen SPF 50+ PA++++,Which Dot &amp; Key Sunscreen is PERFECT for your skin type? Tried All | #shorts #shortsfeed #sunscreen,BeautybyRhyka,421492,4715,2025-03-31T14:25:00Z,https://www.youtube.com/watch?v=hnLLi-twPcM,"Which Dot & Key Sunscreen is PERFECT for your skin type? Let's compare Vitamin C + E Super Bright, Watermelon Cooling ..."
Dot & Key Barrier Repair Sunscreen SPF 50+ PA++++,Dot &amp; Key Sunscreen: Blue vs. Pink – Which One is Better? #dotnkey #sunscreen,Megha Saha,359498,1484,2025-02-27T06:30:29Z,https://www.youtube.com/watch?v=9BhesqCHpXo,Dot & Key Sunscreen: Blue vs. Pink – Which One is Better? Testing Dot & Key Blueberry Barrier Repair Sunscreen vs. Dot & Key ...
Dot & Key Barrier Repair Sunscreen SPF 50+ PA++++,Dot&amp;Key Water Resistant Sunscreen | Is it Worth your Money?,Indian Skin Blog ,359363,8491,2023-07-28T07:56:38Z,https://www.youtube.com/watch?v=IAZSCvuVado,Would you call the finish on my skin dewy or oily? Tell me in the comments @dotandkey.skincare water resistant ...
Dot & Key Barrier Repair Sunscreen SPF 50+ PA++++,Rating All Dot &amp; Key’s Sunscreen✨,SkinnGame,278931,2523,2024-06-23T13:30:14Z,https://www.youtube.com/watch?v=hNGzk8ZDuIs,sunscreen #dotandkeyskincare #dotandkey #sunscreenreview I'm not a part of Dot & Key's affiliate program and my code will ...
Dot & Key Barrier Repair Sunscreen SPF 50+ PA++++,Rating 10 viral sunscreens Part 1 | Check description for the rating criteria,Vibhasree,161145,3047,2025-04-24T13:04:13Z,https://www.youtube.com/watch?v=3YohigrDwqU,Now before you fight me—this is not hate towards any brand. I genuinely want every brand to improve and win. I've used each ...
Dot & Key Barrier Repair Sunscreen SPF 50+ PA++++,Reviewing Dot &amp; Key Sunscreens | Watermelon🍉 and Blueberry🫐 #dotandkey,Himani Sharma,135663,2122,2025-03-17T14:10:14Z,https://www.youtube.com/watch?v=cXOYbbvQ2L8,
Dot & Key Barrier Repair Sunscreen SPF 50+ PA++++,“New Launch” 🛍️ || Dot &amp; Key Blueberry Hydrate Barrier Repair Sunscreen✨ #ytshorts #review,Sandhya daksh,120583,925,2024-03-31T08:38:39Z,https://www.youtube.com/watch?v=B4NQG6uMmls,
Dot & Key Barrier Repair Sunscreen SPF 50+ PA++++,Dot &amp; key barrier repair sunscreen review,Kajal Arora,104244,1532,2024-03-26T13:47:06Z,https://www.youtube.com/watch?v=YnZwqVw8OK0,
Dot & Key Barrier Repair Sunscreen SPF 50+ PA++++,"Dot &amp; key Barrier Repair Sunscreen, SPF 50+ 💙✨ #yourubeshorts #dotnkey #sunscreen #skincare",Megha Saha,102905,740,2024-04-12T07:53:09Z,https://www.youtube.com/watch?v=EX_w5PUlOJU,"Dot & key Barrier Repair Sunscreen, SPF 50+ ✨ (Not sponsored) . SPF 50+, PA++++ hydrating sunscreen for healthy, ..."
Dot & Key Barrier Repair Sunscreen SPF 50+ PA++++,Dot &amp; key blueberry hydrate barrier repair sunscreen spf 50++++ || Best sunscreen,My Pastel Love,89549,1301,2024-05-04T07:15:59Z,https://www.youtube.com/watch?v=5FV-BL1tgao,
Dot & Key Barrier Repair Sunscreen SPF 50+ PA++++,Is Dot&amp;Key Blueberry Sunscreen For Oily SKin? Dot&amp;key Sunscreen Review #sunscreen #shorts,Glam by Pragya,78358,1104,2024-04-04T17:33:32Z,https://www.youtube.com/watch?v=QJ0d0sC3zzI,sunscreen #dotandkeysunscreen #dotandkeyskincare https://amzn.to/3JdPalT.
Dot & Key Barrier Repair Sunscreen SPF 50+ PA++++,DOT &amp; KEY Blueberry Barrier repair sunscreen review + Demo ✨| Mini review 🌸| #shorts #review #yt,Simran Yashavante,45514,421,2025-07-11T08:11:33Z,https://www.youtube.com/watch?v=98P6ZVFVwdI,DOT & KEY Blueberry Barrier repair sunscreen review + Demo ✨| Mini review | #shorts #review #yt Thanks for watching ...
Dot & Key Barrier Repair Sunscreen SPF 50+ PA++++,DOT&amp;KEY BARRIER REPAIR SUNSCREEN REVIEW! Nonsponsored honest review,Thepowderpuffgirl,31338,477,2024-09-26T10:30:13Z,https://www.youtube.com/watch?v=WMFFq4U5Rgs,"A completely honest, nonsponsored review of dotnkey barrier repair sunscreen! My instagram: ..."
Dot & Key Barrier Repair Sunscreen SPF 50+ PA++++,Non Sponsored Dot &amp; Key sunscreen Review 💙 #review #dotnkey #sunscreen #productreview #shorts,Vaishnavi Varude,14336,204,2025-06-09T13:30:08Z,https://www.youtube.com/watch?v=Wg1Zd9N7hWs,The product i reviewed in this video is Dot & Key Blueberry Hydrate Barrier Repair Sunscreen. If you have any questions before ...
Dot & Key Barrier Repair Sunscreen SPF 50+ PA++++,Dot &amp; key blueberry hydrate barrier repair sunscreen review 🎀💘,Skincare aesthetics,9542,65,2025-03-04T07:30:15Z,https://www.youtube.com/watch?v=o7YlhxUSdOU,dotandkey #sunscreen #skincare #review #goals #shorts @Skincare_goals.
Dot & Key Barrier Repair Sunscreen SPF 50+ PA++++,🦋Dot € Key Barrier Repair Sunscreen 🌞 Review #shorts #shortsfeed #sunscreen #ytshorts #viral,Simply By Mansi,7608,51,2025-06-15T11:29:16Z,https://www.youtube.com/watch?v=4R2LBI4LiOQ,Dot n Key Barrier Repair Sunscreen Review ✨ #shortsfeed #shorts #sunscreen #review #skincare Related Tags : #shortsfeed ...
Dot & Key Barrier Repair Sunscreen SPF 50+ PA++++,dot and key 🩵🤩blueberry hydrate barrier repair sunscreen #dotandkey #sunscreen #skincare #ytshorts,Saroj kodecha,6059,54,2025-05-14T05:26:51Z,https://www.youtube.com/watch?v=zoVZQ5UmalM,dot and key blueberry hydrate barrier repair sunscreen #dotandkey #sunscreen #skincare #ytshorts #dotandkey #ytshorts ...
Dot & Key Barrier Repair Sunscreen SPF 50+ PA++++,Dot and key Barrier repair sunscreen review | Non sponsored honest experience on oily skin,ThatScholarGirl DrAkansha,5221,93,2024-08-06T14:04:56Z,https://www.youtube.com/watch?v=PN_BJzhm2m0,Buying Link: https://amzn.to/4d94hKX Best oil free moisturizer: https://amzn.to/3Y6sHzU Night skincare for glass skin: ...
Dot & Key Barrier Repair Sunscreen SPF 50+ PA++++,Dot &amp; Key Blueberry Hydrate Barrier Repair Sunscreen Review #trending #skincare #shotrs  #sunscreen,Swikriti Mondal,4233,36,2024-12-12T04:02:37Z,https://www.youtube.com/watch?v=NKiyjHc5PsE,Dot & Key Blueberry Hydrate Barrier Repair Sunscreen #trending #skincare #shotrs #sunscreen.
Dot & Key Barrier Repair Sunscreen SPF 50+ PA++++,Tried and tested: Dot and keys BLUBERRY HYDRATE BARRIER REPAIR SUNSCREEN honest review |,Simran Yashavante,1560,17,2025-08-04T15:14:01Z,https://www.youtube.com/watch?v=KLzKh4lefuQ,Tried and tested: Dot and keys BLUBERRY HYDRATE BARRIER REPAIR SUNSCREEN honest review | Hellow everyone!
Dot & Key Blueberry Hydrate 12% Barrier Boost Face Serum,Dot &amp; key blueberry hydrate 12% barrier boost face serum #shortsviral dot &amp; key coupon code,Chandni Sharma,128070,749,2025-01-17T13:57:15Z,https://www.youtube.com/watch?v=GdVqyEzF1SU,
Dot & Key Blueberry Hydrate 12% Barrier Boost Face Serum,Dot &amp; key Blueberry Hydrate 12% Barrier Boost Face Serum #youtubeshorts #shorts #ashortaday#skincare,shruti singh,127664,1011,2024-12-28T08:21:46Z,https://www.youtube.com/watch?v=NWFDtUsFXws,
Dot & Key Blueberry Hydrate 12% Barrier Boost Face Serum,Dot &amp; Key Barrier Boost Serum💙 #dotandkey#dotandkeyskincare#skincare#influencer#tester#queens#diy,Dot & Key Skincare ,10262,125,2024-11-23T08:06:53Z,https://www.youtube.com/watch?v=itmqdiDvz5Q,
Dot & Key Blueberry Hydrate 12% Barrier Boost Face Serum,*New* Dot &amp; Key Blueberry Hydrate 12% Barrier Boost Face Serum Review | Repair Skin Barrier,shruti singh,10234,72,2024-12-04T10:19:46Z,https://www.youtube.com/watch?v=7ePiKjneNFs,"Hello everyone welcome to my channel New Launch Dot and key blueberry hydrate 12% Barrier Boost Face serum for nourished, ..."
Dot & Key Blueberry Hydrate Barrier Repair Milk Face Toner,4 Affordable Indian Milky Toners✨ #skincare #shorts,Samapti Banerjee,216832,2807,2025-08-03T16:36:58Z,https://www.youtube.com/watch?v=lIy5OMQU4BI,Indian Milky Toners   1. Dot & Key Blueberry Hydrate Barrier Repair Milky Toner Category: Essence-toner Key ...
Dot & Key Blueberry Hydrate Barrier Repair Milk Face Toner,Dot &amp; Key Blueberry Hydrate Barrier Repair Milky Toner Essence🥛 #heyitsaanchal,HeyItsAanchal,84236,977,2025-09-03T16:39:32Z,https://www.youtube.com/watch?v=8VfiXrs6434,
Dot & Key Blueberry Hydrate Barrier Repair Milk Face Toner,New AFFORDABLE TONERS😍😳 #shorts #viral #youtubeshorts #dotnkey #plum,Archee,27201,317,2025-07-13T14:30:11Z,https://www.youtube.com/watch?v=ImJob4m9Zgc,newtoner #toner #indian #indianskincare #affordable #affordableskincare #newlaunch #plum #plumtoner #dotnkey ...
Dot & Key Blueberry Hydrate Barrier Repair Milk Face Toner,Dot &amp; Key Hydrate Barrier Repair Milky Toner Essence Review || Is Dot &amp; Key Milky Toner worth it?,Beauty n Beyond,13319,37,2025-07-13T17:21:18Z,https://www.youtube.com/watch?v=rPxHKiWzvg4,dotandkey #DotandKeyHydrateBarrierRepairMilkyTonerEssence #Dotandkeymilkytoner #dotandkeyskincare #dotandkeytoner ...
Dot & Key Blueberry Hydrate Barrier Repair Oil-free Moisturizer,"Cetaphil Vs Dot &amp; key moisturiser 🥹 #dotandkey moisturiser for winters dry skin , oily skin #shorts",Chandni Sharma,4271952,25138,2024-12-01T14:45:00Z,https://www.youtube.com/watch?v=34W6beeh17A,
Dot & Key Blueberry Hydrate Barrier Repair Oil-free Moisturizer,Testing hydration level of Dr. sheths and Dot &amp; Key moisturiser🌷 #ytshortsindia #ashortaday #shorts,Blossom Kaur,1088921,4302,2024-09-13T15:38:46Z,https://www.youtube.com/watch?v=FIDvD0NzbaA,unsponsored - What should I try next? Testing the hydration level of Dr. Sheth's vs Dot & Key moisture ✨   Brand ...
Dot & Key Blueberry Hydrate Barrier Repair Oil-free Moisturizer,CeraVe vs Dot &amp; Key: The Verdict,Shweta Mehta,472821,3715,2025-07-26T09:52:59Z,https://www.youtube.com/watch?v=242vZOFGFE8,"Dot & Key vs CeraVe — is the ₹500 moisturizer really a dupe? I've tried both on dry, sensitive skin, and here's my honest take."
Dot & Key Blueberry Hydrate Barrier Repair Oil-free Moisturizer,Rating Dot &amp; Key Moisturisers | Worst to Best ✅ #honestreview #skincare #moisturizer,Himi Khandelwal,227649,11031,2025-12-24T05:01:23Z,https://www.youtube.com/watch?v=aAgfrtP6EhE,"Are the viral cute jars actually worth the hype? Let's look at the science. Dot & Key has taken over Instagram, but do the ..."
Dot & Key Blueberry Hydrate Barrier Repair Oil-free Moisturizer,Dot and key ceramide cream review.#explore #review #dotandkey #moisturizer #viralvideo #foryou #fyp.,Elle_rive,192377,0,2024-08-20T17:53:16Z,https://www.youtube.com/watch?v=IQEIcj_HxQ4,
Dot & Key Blueberry Hydrate Barrier Repair Oil-free Moisturizer,Dot &amp; Key Barrier Repair Moisturizer Review | Perfect for Oily Skin #koreanskincare #skincare #real,taniishqa,51133,282,2025-10-23T16:05:34Z,https://www.youtube.com/watch?v=O3QQCe3dUwY,"Not gonna lie, I've always been a @dotandkey.skincare fan when it comes to their sunscreens but this time I tried their Barrier ..."
Dot & Key Blueberry Hydrate Barrier Repair Oil-free Moisturizer,Is it worth the hype? Dot &amp; Key Barrier Repair Moisturizer✨️ 🧴 #SkincareReview #moisturizer #dot&amp;key,Nishitah,48488,317,2025-10-17T13:56:02Z,https://www.youtube.com/watch?v=BrU2NI6M8Ns,"Testing out the Dot & Key Barrier Repair Moisturizer! ✨️ Perfect for dry skin, lightweight yet hydrating. It's a must-have for your ..."
Dot & Key Blueberry Hydrate Barrier Repair Oil-free Moisturizer,Most Requested 🌞 Dot &amp; Key Ceramide Moisturiser  #dotandkey #shorts #skincare #beautytips #review,Mom's Timepass By Monisha ,47465,0,2025-04-27T12:37:21Z,https://www.youtube.com/watch?v=NWDQNrPlBn8,Most Requested Dot & Key Ceramide Moisturiser #dotandkey #shorts #skincare #beautytips #review Dot & Key moisturizers ...
Dot & Key Blueberry Hydrate Barrier Repair Oil-free Moisturizer,"Dot &amp; key Barrier Repair Moisturizer review | Nourishes dry, damaged skin with hyaluronic acid 💙✨",Megha Saha,30168,0,2024-08-14T12:20:41Z,https://www.youtube.com/watch?v=Oe0IIezN4tw,"Dot & key Barrier Repair Moisturizer review | Nourishes dry, damaged skin with hyaluronic acid ✨ Daily-use moisturizer with 5 ..."
Dot & Key Blueberry Hydrate Barrier Repair Oil-free Moisturizer,Dot &amp; Key blueberry hydrate barrier repair oil free moisturizer #dotandkey #skincare,Harsha patil,12613,95,2025-07-11T12:38:48Z,https://www.youtube.com/watch?v=5OjjeuuhlHU,
Dot & Key Blueberry Hydrate Barrier Repair Oil-free Moisturizer,Watch this before buying dot and key ceramide moisturizer 🤍 | Honest and unsponsored review ,Muskan Jha 🧚,2523,34,2025-09-01T09:12:06Z,https://www.youtube.com/watch?v=L2NtcvhOs_U,Hi ‍♀️ I hope you are doing well ✨ First of all thank you for watching. In this video I have shared my review on dot and key ...
Dot & Key Blueberry Hydrate Barrier Repair Oil-free Moisturizer,DOT &amp; KEY BLUEBERRY OIL FREE MOISTURIZER HONEST REVIEW 🫐🧊💌🤍🌷 #skincare #moisturizer #dotandkey #reel,Jauzi khan🌷,1834,8,2025-10-02T18:20:28Z,https://www.youtube.com/watch?v=Fsb8jlI6vYQ,
Dot & Key Body Lotion,Dot &amp;Key vitamin c super bright body lotion #dotandkey,Fashion Tour,19272,106,2025-02-01T07:28:01Z,https://www.youtube.com/watch?v=p3-NmhgF5zA,
Dot & Key Body Lotion,Dot and key body lotion 🌊 #bodylotion #dotandkey #dotandkeyskincare #skincare #bodycare #tanning,Prajkta Bhosale,17820,108,2025-01-27T02:38:51Z,https://www.youtube.com/watch?v=rkd4fKJPQlg,Link: https://amzn.to/4slMnfO.
Dot & Key Body Lotion,#notsponsored review Dot&amp;key body lotion #Vitaminc #niacinamide #honest + Demo,Beauty Intakes,3260,39,2025-09-24T15:30:20Z,https://www.youtube.com/watch?v=VUlrU-ZEAHM,
Dot & Key Booty Polish Walnut & Coffee,Home made Body scrub | How to remove strawberry legs ✨🦋 #shorts #ytshorts #aesthetic #fypシ゚viral,Asthetic Vibes ,10301330,264225,2024-11-10T07:57:29Z,https://www.youtube.com/watch?v=n9_xnDNmgws,How to remove strawberry legs without product ✨/ Home made remedie for strawberry legs #glowuptipsforgirls #aesthetic ...
Dot & Key Booty Polish Walnut & Coffee,Body Exfoliating Gloves 🧤,Exotic Beauty,830553,5054,2024-01-27T19:26:23Z,https://www.youtube.com/watch?v=Af8Iu4AaY9U,
Dot & Key Booty Polish Walnut & Coffee,Dark Knuckles? Do This Every Night #shorts #888 #darkknuckles #beauty #kpop #youtubeshorts #selfcare,BoldAura,754778,10670,2025-06-05T05:41:00Z,https://www.youtube.com/watch?v=2qsWUsl3AWc,Dark Knuckles? Do This Every Night #shorts #888 #darkknuckles #beauty #kpop #youtubeshorts #selfcare How to Get Rid of ...
Dot & Key Booty Polish Walnut & Coffee,mCaffeine Coffee face wash Reality 🐍 | #mcaffiene #coffee #facewash,Quality Mantra,375670,4095,2023-02-24T12:29:27Z,https://www.youtube.com/watch?v=fURBD5nd33w,"Namaskaar Dosto, Is video mein mCaffeine Coffee Face Wash ka short review kiya gya hai. Yeh coffee face wash Daily Use ke ..."
Dot & Key Booty Polish Walnut & Coffee,How To use our Coffee &amp; Sugar Scrub | improves skin elasticity | takes off dead skin cells,AmaliaMade,343631,2552,2025-07-11T19:00:20Z,https://www.youtube.com/watch?v=PvFHg07q-fI,"and NOPE, our coffee sugar scrub does not leave your skin oily at all. Instead it creates a dreamy lather, cleansing AND ..."
Dot & Key Booty Polish Walnut & Coffee,നിങ്ങൾ ചോദിച്ച Q &amp; A 😡😡🔥,SimplyMyStyle!! unni,231103,12416,2021-06-27T09:31:19Z,https://www.youtube.com/watch?v=UFxwDFgsOLg,Things Mentioned In The Video** Download app here: https://mlpl.link/INFEKjEI Sale: https://mlpl.link/INFxX7Gy The Moms Co.
Dot & Key Booty Polish Walnut & Coffee,DOT AND KEY BOOTY POLISH SCRUB REVIEW IN TAMIL,TAMIL REVIEWS,1036,5,2020-10-15T14:26:48Z,https://www.youtube.com/watch?v=MsDTbByC5QA,
Dot & Key Booty Polish Walnut & Coffee,#Dot&amp;Key Booty Polish Deep Exfoliating Walnut &amp;#Coffee #Scrub#Review&amp;#Unboxing|Best Scrub for Booty,YAPRI glowing beauty,494,4,2023-05-28T06:15:13Z,https://www.youtube.com/watch?v=1hFGORRSJys,Dot & Key Booty Polish Deep Exfoliating Walnut & #Coffee #Scrub #Review & #Unboxing|Best Scrub for Booty Thanks For ...
Dot & Key Booty Polish Walnut & Coffee,New Products Have Been Launched + Random Booty Scrub?!,Holly Sheppard,30,2,2020-12-19T22:44:24Z,https://www.youtube.com/watch?v=7SC46lgw4pA,
Dot & Key Charcoal Detox Mousse Clay Mask,Do you PORES LOOK THIS LARGE?!!!! #skincareroutine #skincare,Alice Gabrielian,5587556,79252,2023-05-28T21:03:38Z,https://www.youtube.com/watch?v=bSBxI7-MNjQ,
Dot & Key Charcoal Detox Mousse Clay Mask,BEST AND WORST OF NEUTROGENA #shorts,Doctorly,5361902,118235,2021-07-06T15:00:01Z,https://www.youtube.com/watch?v=asKKlL027CU,Shop Favorite Skincare Products* https://shopmyshelf.us/shops/dermdoctor https://www.amazon.com/shop/doctorly *Affiliate Links ...
Dot & Key Charcoal Detox Mousse Clay Mask,Skincare products you do not need | Toners | Scrubs | #shorts,ZolieSkinClinic,3258187,0,2023-06-01T13:21:44Z,https://www.youtube.com/watch?v=7OypTlJ1l90,
Dot & Key Charcoal Detox Mousse Clay Mask,My 4 favourite double cleansing products #youtubeshorts #clinicalcosmetologist,Dr. Bhagyashree ,2297272,39020,2024-01-25T09:28:47Z,https://www.youtube.com/watch?v=pxh9CTqNc84,
Dot & Key Charcoal Detox Mousse Clay Mask,Best *CLAY* masks for oily skin 🤌🏻✨🧏🏻‍♀️ #shorts #claymask,Gunja Tiwari,587608,6508,2025-08-12T10:30:25Z,https://www.youtube.com/watch?v=g0NOToGFD8c,Best *CLAY* masks for oily skin ✨    ‍♀️ #shorts #claymask Link ...
Dot & Key Charcoal Detox Mousse Clay Mask,Honest *REVIEW*😳of my product!*SMYTTEN*✨🤍#skincare #shorts #ytviral #hostellife #smytten #trending,Divyani here!,443730,0,2025-08-07T10:13:53Z,https://www.youtube.com/watch?v=lxd2BKi0UB4,
Dot & Key Charcoal Detox Mousse Clay Mask,Dot and key charcoal mask #shorts #youtubeshorts #dotandkey,Kiwi Tandon,12005,228,2021-08-20T13:30:01Z,https://www.youtube.com/watch?v=gY9Sm_JPiWM,Dot and key charcoal mask.
Dot & Key Charcoal Detox Mousse Clay Mask,Honest * Swiss Beauty Brightening Sleeping Mask REVIEW / DEMO .Dot &amp; Key Dupe product ???,Antara Sarkar,9905,251,2021-06-09T16:52:16Z,https://www.youtube.com/watch?v=b1p13kdujmE,"Hey love , today i am going to show you new Swiss Beauty Brightening Sleeping mask with my honest review . I hope you guys ..."
Dot & Key Charcoal Detox Mousse Clay Mask,Dot &amp; Key Pore Decongesting + Detoxifying Charcoal Mousse Clay Mask | Honest Review,Maven Aashi,6897,75,2020-09-15T03:30:01Z,https://www.youtube.com/watch?v=fS8_sOYy51c,"Hey Guys, This video is a review video on Dot & Key Pore Decongesting + Detoxifying Charcoal Mousse Clay Mask."
Dot & Key Charcoal Detox Mousse Clay Mask,Dot and Key Charcoal Mask for Pore Decongesting and Detoxifying | Genuine Review,Soumya Dixit,3917,125,2020-08-09T07:56:07Z,https://www.youtube.com/watch?v=RyvV7N3FTSU,Dotandkey #dotandkeyfacemask#DotandKeyCharcoalMousseMask #Poredecongestingmask #Detoxifyingmask ...
Dot & Key Charcoal Detox Mousse Clay Mask,Weekly Masking with Dot &amp; Key Skincare | Post Diwali Multi-Masking | Kritika Beohar,Kritika Beohar,1206,79,2020-11-19T06:32:07Z,https://www.youtube.com/watch?v=xu4PBAsnrt0,"Hey guys! I teamed up with Dot & Key Skincare for this weekly masking video.. and just so you know, their products are SOOO ..."
Dot & Key Charcoal Detox Mousse Clay Mask,Charcoal Detox Clay Mask | Dot &amp; Key Skincare - for cleaner pores |,Dot & Key Skincare ,1204,12,2020-10-08T09:46:04Z,https://www.youtube.com/watch?v=UMNypUqi1kk,Give yourself an at home-spa treatment with our Charcoal Detox Mousse clay mask. The activated charcoal draws out trapped dirt ...
Dot & Key Charcoal Detox Mousse Clay Mask,Dot &amp; key niacinamide moisturiser | detoxify charcoal peel off mask | cooling effect | 7 day organic,RGM Salon & Academy,967,19,2023-05-24T09:36:48Z,https://www.youtube.com/watch?v=xqUiTWAghtw,"Dot & key niacinamide moisturiser | detoxify charcoal peel off mask | cooling effect | 7 day organic. * like ,Share , Subscribe (wine ..."
Dot & Key Charcoal Detox Mousse Clay Mask,Dot and Key decongestion and detoxyfying clay mask Demo &amp; Review,Beauty bonkerz,888,29,2020-08-19T05:30:01Z,https://www.youtube.com/watch?v=AIxdMNtq3T0,"Dot & Key decongestion and detoxyfying clay mask Demo & Review Buy the product here : https://bit.ly/2DGNBi2 Hi All, I am ..."
Dot & Key Charcoal Detox Mousse Clay Mask,Charcoal Mask Comparison &amp; Review||Loreal V/S Dot and Key,Taniya Saha,757,0,2021-11-19T14:45:22Z,https://www.youtube.com/watch?v=i4gDf6VL5Jw,Charcoal Mask Comparison & Review||Loreal V/S Dot and Key Masking twice a week is very essential foe those who are having ...
Dot & Key Charcoal Detox Mousse Clay Mask,Multi-masking with Dot &amp; Key Skincare | Clay Masks For Face |,Dot & Key Skincare ,593,7,2020-10-08T09:45:58Z,https://www.youtube.com/watch?v=z0WJtgfUMho,Give yourself an at home-spa treatment with our wide range of skin purifying clay masks. Formulated with an array of active ...
Dot & Key Charcoal Detox Mousse Clay Mask,Face Mask Recommendations,BrownGirlShaily,552,18,2021-12-21T07:30:16Z,https://www.youtube.com/watch?v=DUCssJaJGHI,Face Mask Recommendations: . BLISCENT: Use code SHAILY10 to get an additional 10% off . 1.
Dot & Key Charcoal Detox Mousse Clay Mask,DOT &amp; KEY CHARCOAL MOUSSE CLAY MASK | Review &amp; First Look | HarmonikHK,Monika Deep,497,20,2021-10-16T07:34:36Z,https://www.youtube.com/watch?v=Vhq7qY-M_Z8,DOT & KEY FACE MASKS | Review & First Look | HarmonikHK Product details - 1.
Dot & Key Charcoal Detox Mousse Clay Mask,#SastaSundarTikau with Dot and Key&#39;s Bubble Clay Mask,Homely By LBB ,452,7,2021-05-12T14:30:02Z,https://www.youtube.com/watch?v=JbAx8g-vpnk,We had to try this #AWESOME Bubble Clay Mask from Dot and Key that exfoliates and cleanses your skin. Best part? Popping ...
Dot & Key Charcoal Detox Mousse Clay Mask,DOT AND KEY CHARCOAL MOUSSE MASK REVIEW IN TAMIL,TAMIL REVIEWS,305,2,2020-10-19T08:32:44Z,https://www.youtube.com/watch?v=kOVELxGByJw,
Dot & Key Charcoal Detox Mousse Clay Mask,Dot &amp; Key pore decongesting detoxifying charcoal mousse mask review,shivi zone,268,26,2021-05-12T03:10:06Z,https://www.youtube.com/watch?v=rLba9UJMHA8,Hello everyone welcome to our channel Today's topic__ Dot & key charcoal mouse mask I really ...
Dot & Key Charcoal Detox Mousse Clay Mask,"DOT &amp; KEY skincare , pore Decongesting + Detoxifying charcoal mousse mask 💥💥 really amazing",kashmira Rajput,231,11,2021-06-23T17:46:53Z,https://www.youtube.com/watch?v=CPoA3EaTheg,
Dot & Key Charcoal Detox Mousse Clay Mask,Battle between 3 Clay Masks || L’Oréal vs Mamaearth vs Dot &amp; Key-Which one is BEST?,DAILY LIFE WITH JAYASHREE,113,4,2022-03-30T10:40:07Z,https://www.youtube.com/watch?v=VQe4WnrHG6I,"Products shown 1. L'Oréal Clay Mask L'Oreal Paris Pure Clay Clay Mask, Detoxify with Charcoal, 50ml ..."
Dot & Key Charcoal Detox Mousse Clay Mask,Face Mask Recommendations #shorts #youtubeshorts,BrownGirlShaily,34,0,2021-12-08T07:28:18Z,https://www.youtube.com/watch?v=cyBA0tXSczM,Offers: BLISCENT : Use code SHAILY10 to get an additional 10% off Face Mask ...
Dot & Key Charcoal Detox Mousse Clay Mask,Dot &amp; Key Pore Decongesting + Detoxifying Charcoal Mousse Clay Mask,just like you,31,0,2021-02-26T20:00:25Z,https://www.youtube.com/watch?v=coPnJhwDDvI,
Dot & Key Chocolate Glow Mousse Face Mask,Dot &amp; Key Cocoa Glow Chocolate Mousse Face Mask honest review🍫 || Is it even worth it? | Polo Perry,Polo Perry,2344,79,2021-04-18T12:36:48Z,https://www.youtube.com/watch?v=HQEyt85h1Pg,Hey fam!!! Finally I am back after long and now I swear I am all set to stick to you guys and bring out a lot of new content on my ...
Dot & Key Chocolate Glow Mousse Face Mask,DOT AND KEY COCOA GLOW CHOCOLATE MOUSSE FACE MASK🤎🍫,"Brown Sugar Tales - Beauty, Lifestyle & Fashion",1841,21,2021-06-24T16:31:33Z,https://www.youtube.com/watch?v=zhX6ZatabSs,COCOA GLOW CHOCOLATE MOUSSE FACE MASK       @dotandkey.skincare @allthingschocolates limited edition - Mask ...
Dot & Key Chocolate Glow Mousse Face Mask,"DOT &amp; KEY Skincare Chocolate Mousse Face mask Cocoa Glow |  First Impression Review, Demo",Sana_Khan1D,1681,39,2021-03-19T14:00:24Z,https://www.youtube.com/watch?v=FMLNxqptfdg,"Hey guys welcome to my channel "" Sana Khan ""... I make videos related to lifestyle tips and tricks, reviews of products, DIY videos, ..."
Dot & Key Chocolate Glow Mousse Face Mask,DOT &amp; KEY Coco Glow Chocolate Mousse Face Mask | Review | Watch Before Buy 😞| MakeupGraphy,MakeupGraphy,458,21,2021-05-21T03:53:24Z,https://www.youtube.com/watch?v=E_g270tt8F4,"dotandkey #facemask #forallskin Hello❣️ In this video i'm sharing with you my honest experience and honest review on "" Dot ..."
Dot & Key Chocolate Glow Mousse Face Mask,Dot &amp; Key Cocoa glow chocolate mousse face mask | The Hazel,The Hazel's Journal,297,12,2021-04-10T12:30:03Z,https://www.youtube.com/watch?v=SLO6ZwqWhgc,Hope you guys enjoy this video !!!!!!!!!! buy here: https://www.dotandkey.com/products/cocoa-glow-chocolate-mousse-face-mask ...
Dot & Key Cica & 1% Salicylic Acid Shower Gel,How to wash face | Avoid these mistakes | Dermatologist,Dr. Aanchal MD,8442872,145506,2022-10-11T14:14:10Z,https://www.youtube.com/watch?v=J2XOY8eDzH0,Common face wash mistakes ❌Applying face wash on dry skin ✓Always damp your face completely before applying face wash.
Dot & Key Cica & 1% Salicylic Acid Shower Gel,Niacinamide | Avoid these mistakes| Dermatologist,Dr. Aanchal MD,3951158,60593,2023-02-28T11:08:04Z,https://www.youtube.com/watch?v=XPRVytxK66c,Niacinamide is a popular ingredient. I look at this ingredient as a jack of all. It suits all skin types if you use the correct one but is ...
Dot & Key Cica & 1% Salicylic Acid Shower Gel,Best body wash for body acne #trending #skincare #tanlife #skincareroutine #brightskin #ytshorts #yt,Hiteshi Dodiya,3261443,80984,2025-07-15T11:11:28Z,https://www.youtube.com/watch?v=45UUjpFrwzA,This is a non sponsored reel! This product actually brightens the skin instantly without drying and reduces body acne in just 3-5 ...
Dot & Key Cica & 1% Salicylic Acid Shower Gel,Bodywash for different concerns 😍,Dr Shailya Gupta MD,2180725,23510,2025-02-19T09:51:18Z,https://www.youtube.com/watch?v=OaRw5NMUkD4,Best Body Washes for Every Skin Concern! ✨ Not all body washes are the same! Here are top picks for different skin concerns ...
Dot & Key Cica & 1% Salicylic Acid Shower Gel,I applied salicylic acid serum only one day #result 😭  #acne #shorts,Girls gallery,1583011,13084,2024-06-02T14:46:03Z,https://www.youtube.com/watch?v=3AONc6XLKIs,
Dot & Key Cica & 1% Salicylic Acid Shower Gel,"As a dermatologist, there are certain body washes I never recommend #DrAvani #Shorts #shortsvideo",Dr. Avani Bhavsar(Gandhi),1304054,13727,2024-10-09T05:29:44Z,https://www.youtube.com/watch?v=vzD9oAg98-c,"""As a dermatologist, there are certain body washes I never recommend in my OPD. While they may be popular, they can strip your ..."
Dot & Key Cica & 1% Salicylic Acid Shower Gel,❌Don’t use these products ❌❌ Dermatologist warns,Dr. Aanchal MD,1143046,26808,2024-09-28T06:09:07Z,https://www.youtube.com/watch?v=BCAzND5canE,Here are better safer alternatives ❌Product 1 ✓glycolic acid 6-10 % creams once or twice a week which will exfoliate without ...
Dot & Key Cica & 1% Salicylic Acid Shower Gel,salicylic acid face wash under 150#shorts #youtubeshorts #salicylicacidfacewash #facewashforpimples,Sudipta Bose,1043887,0,2023-09-05T11:12:36Z,https://www.youtube.com/watch?v=V3aftSBJjm0,
Dot & Key Cica & 1% Salicylic Acid Shower Gel,BEST FACE WASH FOR OILY SKIN!,HEAD 2 TOE,852379,22346,2023-07-09T12:30:14Z,https://www.youtube.com/watch?v=HAi6899oCQY,PRODUCTS IN THIS VIDEO-https://wishlink.com/head.2.toe.guy/post/27909 INDIVIDUAL LINKS DOT AND KEY FACE ...
Dot & Key Cica & 1% Salicylic Acid Shower Gel,Avoid in pregnancy ❌❌ dermatologist suggests #skincare,Dr. Aanchal MD,605112,8298,2024-10-25T08:00:13Z,https://www.youtube.com/watch?v=rfEoxgiI_rY,Topical salicylic acid can be used under dermatologist supervision. ⚠️Disclaimer: For educational and public awareness ...
Dot & Key Cica & 1% Salicylic Acid Shower Gel,Dot &amp; key Cica and salicylic acid face wash #dot&amp;key #salicylicacid @dotandkeyskincare,Gunjan Singh,604052,0,2023-09-12T06:30:04Z,https://www.youtube.com/watch?v=HNO0WaF2GgY,dot & key salicylic acid face wash #salicylicacid #dot&key gunjansingh0499@gmail.com Dot & key cica calming blemish clearing ...
Dot & Key Cica & 1% Salicylic Acid Shower Gel,The derma co 1% kojic Acid face wash Ph Value #thedermaco #shorts #viral,The pH Scale,594929,1890,2024-03-01T17:25:33Z,https://www.youtube.com/watch?v=ed7zGz8Dg1c,The derma co 1% kojic Acid face wash Ph Value #thedermaco #shorts #viral.
Dot & Key Cica & 1% Salicylic Acid Shower Gel,Dot &amp; Key VS The Derma Co || #shorts #comparison #ashortaday #honestreview,@ArtisanSuku,505262,2327,2023-07-06T07:32:54Z,https://www.youtube.com/watch?v=F4wq_CCdN94,Dot & Key VS The Derma Co|| #shorts #comparision #ashortaday #skincare #facewash #review #youtubeshorts #dotandkey ...
Dot & Key Cica & 1% Salicylic Acid Shower Gel,Best BodyCare Products Review💦#chemistatplay #foxtale #dotandkey #thedermaco #biotique #wishcare,Beauty Bloom Diaries,422508,2029,2025-01-22T05:03:04Z,https://www.youtube.com/watch?v=Y2UcqphmKP0,"Battle of body care Edition is here Battle of Body Care Products: The Ultimate Showdown! When it comes to body care, every ..."
Dot & Key Cica & 1% Salicylic Acid Shower Gel,Stop Using These BodyWash ❌😨 #bodywash #skincare #dermatologist,Dr Ankur Gautam ,376285,2479,2025-06-16T17:11:01Z,https://www.youtube.com/watch?v=DaZo4FGIfkQ,"Stop Using These BodyWash ❌   #bodywash #skincare #dermatologist ""Names of Products mentioned in the Video   "" Moiz ..."
Dot & Key Cica & 1% Salicylic Acid Shower Gel,Correct way of using salicylic acid facewash✨ #skincare #shorts,Gunjan Singh,365560,0,2024-06-30T07:00:27Z,https://www.youtube.com/watch?v=LaexDsYs20Q,Day 4/15 of 15 days 15 skincare tips   Salicylic acid can be very helpful if you have an oily acne prone skin..but it would not make ...
Dot & Key Cica & 1% Salicylic Acid Shower Gel,Salicylic acid face wash #dermatouch #dermatouchskincare #clinicallyprovenactives #tested #acne #ad,Glamupwithritz,306450,2858,2023-12-27T10:26:28Z,https://www.youtube.com/watch?v=p0SyARA-iPQ,ad.
Dot & Key Cica & 1% Salicylic Acid Shower Gel,Viral Product 7 din mein 😲😲😲,OJAS by Dr Shaista Khan,187759,3418,2025-08-16T12:30:55Z,https://www.youtube.com/watch?v=rLBn5mt36IA,https://bit.ly/46xJb8z Sirf 7 din mein visible difference? Mere patients ka feedback tha ki results 30 din nahi… sirf ek hafte ...
Dot & Key Cica & 1% Salicylic Acid Shower Gel,Skincare routine during Pregnancy &amp; Lactation #skincare #skincareroutine #shorts,Dr Kratika Mohan,172177,0,2023-10-16T07:33:15Z,https://www.youtube.com/watch?v=HYjdVktk_RY,Products shown: Cetaphil gentle cleanser Sebamed clear face care gel Dot and key ceramide moisturiser Earth rythm 10% ...
Dot & Key Cica & 1% Salicylic Acid Shower Gel,Best Salicylic Acid Body Wash for body Acne| Dermatologist recommend,Dr. Aanchal MD,149266,2218,2024-06-16T06:06:40Z,https://www.youtube.com/watch?v=8wj6GFkfoyo,A few common body skin concerns and how salicylic acid can help. The top 3 body skin concerns are : Back acne Keratosis pilaris ...
Dot & Key Cica & 1% Salicylic Acid Shower Gel,Best Body Acne Bodywashes! #bodycare #bodywashes #bodyacne,Chetali Chadha,111377,1491,2024-11-16T06:30:21Z,https://www.youtube.com/watch?v=wzqEpjwYMh0,
Dot & Key Cica & 1% Salicylic Acid Shower Gel,Dot &amp; Key Cica &amp; Salicylic Daliy Exfoliating Shower Gel #shorts #youtubeshorts #amazon #amazonhaul,Diksha Gupta Vlogs,9892,0,2023-10-12T15:30:12Z,https://www.youtube.com/watch?v=RDvQs0zMv_c,Dot & Key Cica & 1% Salicylic Daily Exfoliating Shower Gel | Niacinamide Infused | Body Wash for Oil & Acne Control | Sulphate ...
Dot & Key Cica & 10% Niacinamide Serum,Dot &amp; key Niacinamide + cica serum #shortsviral #dotandkey #skincare coupon code for discount 2025,Chandni Sharma,61615,634,2025-04-02T18:30:10Z,https://www.youtube.com/watch?v=BsM_VxHxYB4,
Dot & Key Cica & 10% Niacinamide Serum,Dot and Key 10% Niacinamide Serum with Tranexemic Acid,Harshita Rajagopal,34177,247,2023-07-29T06:30:13Z,https://www.youtube.com/watch?v=iFUy9hr5sfc,"Affiliate Product Link https://www.wishlink.com/share/v47ww *By clicking on the link above, I will earn a small commission that ..."
Dot & Key Cica & 10% Niacinamide Serum,Dot &amp; Key 10% Niacinamide + Cica Serum Reduces Acne &amp; Dark Spots |#dotandkeyskincare #smytten #serum,Glamifyme,6940,44,2024-06-06T13:56:28Z,https://www.youtube.com/watch?v=xUHaI944yEY,
Dot & Key Cica & 2% Salicylic Face Wash With Green Tea & Tea Tree Oil,Dot &amp; Key Cica &amp; 2% Salicylic Face Wash &amp; moisturizer✨ 💚 #shorts,Vandana🌷,235182,1470,2024-08-15T12:42:54Z,https://www.youtube.com/watch?v=AAacK-i4lN8,Dot & Key Cica & 2% Salicylic Face Wash & moisturizer #shorts Dot & Key Cica & 2% Salicylic moisturizer dot and key ...
Dot & Key Cica & 2% Salicylic Face Wash With Green Tea & Tea Tree Oil,&quot;dot &amp; key cica calming face wash &quot;&quot; with salicylic acid in green tea for acne prone skin,pramana with varun,106287,782,2023-08-01T07:56:06Z,https://www.youtube.com/watch?v=iN28J0s5kAM,
Dot & Key Cica & Niacinamide Anti Acne Gel Face Pack,Dot &amp; Key Vitamin C face wash VS Cica face wash,Koyal Bhattacharjee,994959,15136,2025-07-10T17:05:21Z,https://www.youtube.com/watch?v=SkTLpwdrIZk,
