source,subreddit,title,body,reviewer,upvotes,date,url
reddit_comment,IndianSkincareAddicts,Klairs Vitamin C serum review (best one I tried so far),"I was honestly scared to try the Klairs vitamin C serum because I’ve seen so many people say it oxidises quickly and turns orange. 

I’ve been using the Klairs Freshly Juiced Vitamin Drop for a few weeks now and it’s helped a lot with dullness and old acne marks. My skin looks brighter and more even overall. 

The main thing I did differently was storage. The bottle is transparent, so I wrapped it in aluminium foil and kept it in the fridge from day one. I’m pretty strict about closing it immediately after use too. Because of that, it never turned dark orange the colour stayed pretty much the same till now.

I feel like a lot of people avoid this serum because of oxidation issues, but proper storage really makes a difference. If you’re careful with it, it can actually give solid results.

I’ve used minimalist 10%, 16% and Plum before but didn’t get the desired result",,,20260222,https://reddit.com/r/IndianSkincareAddicts/comments/1rbdmvu
reddit_comment,IndianSkincareAddicts,Klairs Vitamin C Serum Oxidised ,"I'm heartbroken! My Klairs Vitamin C serum has oxidized. I had seen a hack online suggesting that wrapping black tape around the bottle would prevent oxidation, so I tried it. However, I stopped using the serum for a while due to skin barrier issues.
To my dismay, when I checked the serum today, it had oxidized! I'm devastated. Now, I'm left wondering what to do.Should I discard the serum entirely? Please help!",,,20241206,https://reddit.com/r/IndianSkincareAddicts/comments/1h800r8
reddit_comment,IndianSkincareAddicts,Klairs Vitamin C Serum,[removed],,,20240506,https://reddit.com/r/IndianSkincareAddicts/comments/1clptvf
reddit_comment,IndianSkincareAddicts,Should I switch from klairs Vitamin C serum?,[removed],,,20230825,https://reddit.com/r/IndianSkincareAddicts/comments/160w18z
reddit_comment,IndianSkincareAddicts,is kojiesan soap better than dear klairs vitamin c serum for hyperpigmentation?,I have 2-3 acne and too many dark spots left after acne on face. Which one of these would be better for my hyperpigmentation?,,,20230428,https://reddit.com/r/IndianSkincareAddicts/comments/131uhot
reddit_comment,IndianSkincareAddicts,"Klairs Vitamin C serum has essential Lavender oil, is it good to be used by someone with sensitive skin?","What's ur take on it? Should it be used? 
Are minis available for trial?",,,20230217,https://reddit.com/r/IndianSkincareAddicts/comments/114hc80
reddit_comment,SkincareAddiction,[product question] is my klairs vitamin c serum oxidized?,"just opened my package and it seems slightly yellow in strong bathroom light, i had it before and it wasn't as yellow (at least i think so, it was more than 3 years ago)",,,20250104,https://reddit.com/r/SkincareAddiction/comments/1htlqvr
reddit_comment,SkincareAddiction,is my klairs vitamin c serum oxidized?,[removed],,,20250104,https://reddit.com/r/SkincareAddiction/comments/1htlhl5
reddit_comment,SkincareAddiction,Can I use hada labo anti-aging hydrating toner with Klairs vitamin C serum?,[removed],,,20240118,https://reddit.com/r/SkincareAddiction/comments/199ecbx
reddit_comment,SkincareAddiction,"Klairs Vitamin C serum: My friend told me apparently I can’t use it, as it is oxidised, I don’t understand the science. Help.",[removed],,,20221218,https://reddit.com/r/SkincareAddiction/comments/zp6h8j
reddit_comment,SkincareAddiction,[Routine Help] Planning to add Klairs vitamin c serum,"So I'm using a bunch of cosrx products, will be listed below:
Salicylic acid gentle daily cleanser
Snail Dual essence
Advanced snail 92 all in one cream
Aloe soothing sun screen
Centella blemish cream

I have some dark spots on my face, so I thought of adding a vit c serum in my routine. I heard there are some ingredients that can result to a negative reaction when using a vit c serum. So is my routine alright?",,,20220701,https://reddit.com/r/SkincareAddiction/comments/vp474y
reddit_comment,SkincareAddiction,Planning to add Klairs vitamin c serum in my routine,[removed],,,20220701,https://reddit.com/r/SkincareAddiction/comments/vp40w4
reddit_comment,SkincareAddiction,[Skin Concern] [Product Review] Burn on my face after applying Klairs Vitamin C serum directly onto dry cleansed face,"Skincare noob here.
I applied Klairs Vitamin C Serum on my dry face 20 mins after the Cosrx Snail Mucin Essense. I usually put the drops on my skin directly and then massage and pat it in to have it absorbed. This time, the drop that I placed on my forehead burned so much in just 2 seconds and after I patted it in I'm seeing an angry red trail and burning sensation. I have my Cosrx oil free moisturiser with centella and I've applied it on my burn for now. Hoping I don't have an even worse reaction tomorrow morning. 

Tbh that's how I've seen skincare tutorials and the rest apply the serum and I took that for granted. I will no longer apply the drops directly on my skin, but put the drops in my palm rub my hands together and then apply on my face.

Please take care not to apply these actives directly on your face and suffer like me.",,,20220626,https://reddit.com/r/SkincareAddiction/comments/vlasxy
reddit_comment,SkincareAddiction,Burn on my face after applying Klairs Vitamin C serum directly,[removed],,,20220626,https://reddit.com/r/SkincareAddiction/comments/vlanmb
reddit_comment,SkincareAddiction,if anybody need klairs vitamin c serum?,[removed],,,20220406,https://reddit.com/r/SkincareAddiction/comments/txgsjz
reddit_comment,AsianBeauty,Burned my skin: Applied Klairs Vitamin C serum directly on dry cleansed face,"Skincare noob here.
I applied Klairs Vitamin C Serum on my dry face 20 mins after the Cosrx Snail Mucin Essense. I usually put the drops on my skin directly and then massage and pat it in to have it absorbed. This time, the drop that I placed on my forehead burned so much in just 2 seconds and after I patted it in I'm seeing a red rash and burning sensation. I have my Cosrx oil free moisturiser with centella and I've applied it on my burn for now. Hoping I don't have an even worse reaction tomorrow morning. 

Tbh that's how I've seen skincare tutorials and the rest apply the serum and I took that for granted. I will no longer apply the drops directly on my skin, but put the drops in my palm rub my hands together and then apply on my face.

Please take care not to apply these actives directly on your face.

Skin Type: Very oily worth occasional acne breakouts, CCs on forehead, Panda eyes",,,20220626,https://reddit.com/r/AsianBeauty/comments/vlaeg4
reddit_comment,AsianBeauty,Melano CC essence or Klairs Vitamin C serum?,Melano CC essence or Klairs Vitamin C serum?,,,20211106,https://reddit.com/r/AsianBeauty/comments/qo10so
reddit_comment,AsianBeauty,Melano CC essence vs Klairs Vitamin C serum? Let me know your thoughts!,Melano CC essence vs Klairs Vitamin C serum? Let me know your thoughts!,,,20211106,https://reddit.com/r/AsianBeauty/comments/qo1028
reddit_comment,AsianBeauty,Am I meant to keep the Klairs vitamin c serum refrigerated?,[removed],,,20210414,https://reddit.com/r/AsianBeauty/comments/mqrqwe
reddit_comment,beauty,Klairs vitamin C serum makes my face itchy. Should I continue using it or discontinue?,"Before this, I would regularly use a different vitamin C & my skin never reacted this way to it.

Thanks in advance! :)",,,20210705,https://reddit.com/r/beauty/comments/oedc76
reddit_comment,beauty,Am I meant to keep the Klairs vitamin c serum refrigerated?,[deleted],,,20210414,https://reddit.com/r/beauty/comments/mqrshm
